customer_id,name,email,phone,city,join_date
CUST-10000,Onveer Venkataraman,isaacbahri@example.com,+914565771794,Sharjah,2025-10-06
CUST-10001,Nathan Parmar,waidaperi@example.net,2765661105,Sharjah,2024-09-21
CUST-10002,Hardik Singhal,sinhawahab@example.com,6682508371,Dubai,2026-03-19
CUST-10003,Nitesh Nair,vedhika26@example.net,+910143549845,Abu Dhabi,2025-03-31
CUST-10004,Omisha Nagy,rachitakalita@example.net,+918359472445,Dubai,2026-01-24
CUST-10005,Maanas Goda,tejasbhatti@example.com,6636579792,Ajman,2024-10-25
CUST-10006,Watika Biswas,bhattfariq@example.com,4969736291,Sharjah,2026-04-04
CUST-10007,Hritik Mukherjee,bsengupta@example.org,04023436644,Dubai,2025-05-29
CUST-10008,Dhruv Mangat,jagatkumer@example.net,03626977670,Dubai,2025-10-26
CUST-10009,Faqid Subramaniam,hemangbava@example.com,08692246541,Ajman,2026-07-30
CUST-10010,Finn Dani,ekanidash@example.com,00115236343,Abu Dhabi,2025-02-16
CUST-10011,Akshay Wali,patilveda@example.org,+911613028764,Abu Dhabi,2024-10-16
CUST-10012,Yashica Chowdhury,chandaom@example.org,08386394291,Abu Dhabi,2024-10-11
CUST-10013,Triya Dua,baradjacob@example.com,+915134712615,Ajman,2025-12-10
CUST-10014,Wahab Hegde,iraju@example.net,4311094627,Abu Dhabi,2025-06-25
CUST-10015,Ikbal Modi,loyalsachi@example.net,+910445614860,Ajman,2025-01-03
CUST-10016,Luke Dasgupta,diyasoman@example.org,+911696855204,Sharjah,2024-09-28
CUST-10017,Qarin Bhardwaj,patrickkakar@example.net,04668026460,Ajman,2025-09-15
CUST-10018,Farhan Munshi,shivanshtank@example.net,06206802224,Sharjah,2025-05-09
CUST-10019,Yamini Mistry,charita13@example.net,04430914403,Abu Dhabi,2025-07-18
CUST-10020,Bhavna Walla,ryanchakraborty@example.net,+916844483135,Abu Dhabi,2025-07-31
CUST-10021,Charita Atwal,farisshere@example.org,00295476421,Sharjah,2025-05-29
CUST-10022,Wakeeta Sood,divanabdul@example.net,01662180361,Dubai,2026-04-09
CUST-10023,Amara Baral,bahadurjitrau@example.org,00205036807,Ajman,2026-07-19
CUST-10024,Patrick Kar,kaulraksha@example.org,6469784573,Ajman,2025-12-06
CUST-10025,Lavanya Issac,erastogi@example.com,+910920654870,Ajman,2026-02-24
CUST-10026,Aditya Mitra,choudhrygarima@example.com,8737998432,Dubai,2025-03-14
CUST-10027,Farhan Ray,nathanielborah@example.com,8749394565,Dubai,2025-06-05
CUST-10028,Mohammed Kara,chatterjeeamrita@example.org,02320747096,Abu Dhabi,2025-02-06
CUST-10029,Shravya Baral,frederick12@example.org,+914979273585,Ajman,2025-04-25
CUST-10030,Indali Kamdar,gunbirranganathan@example.org,0540608692,Sharjah,2025-10-22
CUST-10031,Praneel Bose,sekhonveda@example.com,+911204549106,Dubai,2025-04-02
CUST-10032,Yochana Maharaj,upasna36@example.com,3770945263,Sharjah,2026-01-23
CUST-10033,Kala Sethi,ridhi12@example.org,+918795791372,Abu Dhabi,2025-07-14
CUST-10034,Vansha Anne,wjani@example.org,7051569013,Sharjah,2025-07-28
CUST-10035,Amara Wali,edhitha78@example.net,08476927174,Sharjah,2025-02-15
CUST-10036,Watika Bir,azaandave@example.net,+916109601037,Dubai,2026-08-11
CUST-10037,Frederick Minhas,abuch@example.net,07010931839,Ajman,2026-04-23
CUST-10038,Xalak Prabhakar,mahikakothari@example.org,06150004841,Ajman,2025-06-20
CUST-10039,Anjali Mand,subramanianharini@example.net,05356151697,Ajman,2026-08-23
CUST-10040,Samarth Madan,bsen@example.com,09794103876,Dubai,2026-07-23
CUST-10041,Tanveer Narain,cbehl@example.com,02145656449,Ajman,2026-07-19
CUST-10042,Ekavir Bhattacharyya,upmakhurana@example.net,05727788708,Dubai,2025-11-21
CUST-10043,Reva Bhatia,pbora@example.com,8051105408,Dubai,2026-08-19
CUST-10044,Vedika Choudhry,abeerkadakia@example.com,+918005423584,Abu Dhabi,2026-01-19
CUST-10045,Oscar Baria,ganesanurvi@example.org,+910703578077,Ajman,2026-01-05
CUST-10046,Kritika Sarna,gavin27@example.com,5013595572,Ajman,2026-08-13
CUST-10047,Ishwar Chopra,riaben@example.net,03640569295,Abu Dhabi,2026-01-26
CUST-10048,Jyoti Seshadri,zilmilkeer@example.com,6562871801,Dubai,2026-07-29
CUST-10049,Pranav Oza,faqid35@example.org,+912572757310,Dubai,2025-11-29
CUST-10050,Chaman Thaker,hshukla@example.com,3946178163,Ajman,2025-11-25
CUST-10051,Mugdha Das,cbumb@example.org,+914186933260,Abu Dhabi,2025-09-29
CUST-10052,Omya Yadav,irana@example.net,+917582098525,Dubai,2026-03-11
CUST-10053,Vedant Baral,turvisen@example.org,9515931729,Abu Dhabi,2025-03-24
CUST-10054,Dhruv Sankar,wahab98@example.org,08415034802,Sharjah,2026-03-23
CUST-10055,Ansh Prasad,damyantipatil@example.org,+918915081606,Ajman,2026-02-25
CUST-10056,Warjas Tank,kapuranvi@example.net,2692738185,Ajman,2025-09-02
CUST-10057,Widisha Bhattacharyya,agrawalzaitra@example.net,4833252412,Dubai,2026-06-15
CUST-10058,Hemal Nayar,ygolla@example.org,05902215268,Dubai,2024-11-03
CUST-10059,Ishani Roy,hemalbali@example.net,+914996217160,Sharjah,2025-07-26
CUST-10060,Wazir Dani,lnatarajan@example.net,04806066767,Dubai,2025-03-10
CUST-10061,Mekhala Mital,geraaadhya@example.net,01735581705,Ajman,2025-10-19
CUST-10062,Omisha Tata,kavyaacharya@example.org,9385229522,Ajman,2024-11-18
CUST-10063,Indira Dar,keerurmi@example.com,+918778845446,Dubai,2024-09-21
CUST-10064,Kamya Kohli,aarnav86@example.net,04261475369,Abu Dhabi,2026-01-15
CUST-10065,Hamsini Bhatt,aandra@example.net,+912230734653,Abu Dhabi,2026-06-27
CUST-10066,Dalaja Kari,santyamini@example.net,+915967599624,Abu Dhabi,2024-11-24
CUST-10067,Kashish Shroff,khannayashawini@example.org,5498602137,Abu Dhabi,2024-12-24
CUST-10068,Amrita Chada,tamannachaudhary@example.org,+917364791817,Sharjah,2026-01-14
CUST-10069,Warjas Mand,damyantinayar@example.net,+912392571454,Dubai,2026-09-13
CUST-10070,Yashoda Nori,sanyavyas@example.net,00050523054,Abu Dhabi,2025-08-16
CUST-10071,Arin Baria,ishanisandal@example.net,05784832408,Abu Dhabi,2025-07-18
CUST-10072,Harinakshi Grewal,indiradalia@example.net,4122826627,Sharjah,2025-03-18
CUST-10073,Ekanta Majumdar,borahchakradhar@example.net,4109541667,Dubai,2025-09-01
CUST-10074,Peter Bedi,iyerabeer@example.org,07215062301,Ajman,2025-03-02
CUST-10075,Dalbir Kunda,bcontractor@example.com,+913759601354,Dubai,2025-07-10
CUST-10076,Vanya Jain,anandwyatt@example.org,07176476824,Ajman,2025-09-19
CUST-10077,Baljiwan Koshy,ramachandranranbir@example.org,8869837595,Sharjah,2025-09-13
CUST-10078,Daksh Golla,mayamander@example.com,1930592361,Ajman,2025-09-21
CUST-10079,Aradhana Muni,praneelparekh@example.com,2950234117,Dubai,2024-11-28
CUST-10080,Ishwar Mandal,anmolsubramaniam@example.net,01097791638,Dubai,2024-11-07
CUST-10081,Unnati Banerjee,ndar@example.com,+915102319602,Abu Dhabi,2025-09-26
CUST-10082,Idika Oak,sudikshamisra@example.org,+918900077304,Ajman,2025-06-15
CUST-10083,Rishi Kapur,bchoudhary@example.com,05966385141,Abu Dhabi,2026-07-22
CUST-10084,Oni Sama,settyanvi@example.com,9247825491,Ajman,2025-10-20
CUST-10085,Jonathan Khanna,alka94@example.com,+910009785729,Abu Dhabi,2025-09-25
CUST-10086,Joshua Lala,eshanarajan@example.net,2767548398,Ajman,2024-11-26
CUST-10087,Vritti Vora,qadimsavant@example.com,05824517740,Sharjah,2024-09-20
CUST-10088,Adya Madan,uhari@example.com,03612311231,Sharjah,2026-05-24
CUST-10089,Aayush Kalla,mthakkar@example.org,6526115980,Dubai,2026-06-14
CUST-10090,Wriddhish Sarma,bachittar08@example.org,+916635080713,Ajman,2026-08-20
CUST-10091,Kamala Sur,shankerrachana@example.net,03533072492,Abu Dhabi,2025-04-27
CUST-10092,Krishna Mutti,aryachand@example.com,9365820929,Sharjah,2025-03-30
CUST-10093,Baljiwan Baria,walifrederick@example.net,+913691834016,Dubai,2025-01-01
CUST-10094,Januja Sundaram,hredhaan40@example.net,2780690928,Abu Dhabi,2026-04-21
CUST-10095,Jackson Chakrabarti,vkapur@example.com,0311801722,Sharjah,2026-01-02
CUST-10096,Ranveer Ramachandran,qbhagat@example.com,9130938429,Sharjah,2025-08-05
CUST-10097,Ikshita Choudhury,aashikapoor@example.org,1397567121,Dubai,2025-10-23
CUST-10098,Mitali Bali,pranitsami@example.org,0337005207,Dubai,2025-11-04
CUST-10099,Zarna Thakur,prabhudalaja@example.org,+913269463266,Ajman,2026-02-15
CUST-10100,Ronith Wali,vyogi@example.net,7897741307,Sharjah,2024-11-02
CUST-10101,Vansha Halder,bsamra@example.net,04147009459,Dubai,2025-06-05
CUST-10102,Baljiwan Kala,naveentailor@example.net,+914880921832,Sharjah,2025-06-29
CUST-10103,Yug Sarma,duakala@example.org,+918533357604,Ajman,2025-06-30
CUST-10104,William Warrior,yashvibail@example.com,5486812781,Ajman,2026-07-29
CUST-10105,Mason Mann,megha61@example.net,04242638009,Sharjah,2026-05-09
CUST-10106,Viraj Manda,bhattacharyyaarin@example.net,05473713197,Ajman,2024-12-10
CUST-10107,Aayush Wable,udarsh12@example.net,+911395058722,Ajman,2025-06-09
CUST-10108,Nikita Swaminathan,hardikrajan@example.net,6823472820,Sharjah,2026-03-23
CUST-10109,Abeer Mani,yyohannan@example.org,04726957612,Ajman,2026-02-02
CUST-10110,Triya Agrawal,vjhaveri@example.com,+917053508625,Dubai,2025-08-24
CUST-10111,Vasatika Murthy,garima92@example.com,01811661668,Ajman,2026-04-25
CUST-10112,Jackson Viswanathan,avi50@example.com,08306178863,Sharjah,2024-11-12
CUST-10113,Sara Pradhan,vihaanpingle@example.net,+912063719795,Dubai,2025-11-13
CUST-10114,Balveer Deo,wpatil@example.net,02364238338,Dubai,2026-04-15
CUST-10115,Charles Sarkar,wriddhishrastogi@example.org,5317025080,Ajman,2025-02-22
CUST-10116,Fitan Balay,vihaan49@example.com,2584411131,Sharjah,2024-11-14
CUST-10117,Jai Bajaj,larya@example.net,3329586833,Dubai,2025-12-16
CUST-10118,Alka Shah,krishna09@example.net,08100913383,Abu Dhabi,2024-10-21
CUST-10119,Amol Krishnamurthy,maanaschoudhury@example.net,08213246536,Abu Dhabi,2025-03-14
CUST-10120,Ranveer Dugar,dayamaichoudhary@example.com,+919419310167,Abu Dhabi,2024-12-02
CUST-10121,Hemal Dalal,tarak96@example.org,+910222620623,Ajman,2025-03-29
CUST-10122,Adya Vig,mandalekansh@example.org,+917798416726,Dubai,2024-09-23
CUST-10123,Ayush Ramaswamy,arindate@example.org,08268278707,Dubai,2025-12-01
CUST-10124,Charan Kar,chauhanekani@example.com,1548274429,Dubai,2025-11-30
CUST-10125,Yuvraj Nair,radhasehgal@example.org,+917733174524,Sharjah,2026-02-28
CUST-10126,Ishanvi Kurian,mitalikar@example.org,08679348960,Abu Dhabi,2026-08-10
CUST-10127,Zaitra Sankaran,hmangat@example.org,08692672815,Ajman,2025-01-13
CUST-10128,Urmi Vohra,anandaarini@example.com,4048145910,Dubai,2025-04-02
CUST-10129,Sai Krishnan,manbirbora@example.com,+917068971632,Ajman,2026-06-18
CUST-10130,Nathan Anne,ppalla@example.net,0639077511,Sharjah,2024-12-30
CUST-10131,Nikita Agate,zsathe@example.org,6014419389,Sharjah,2025-08-23
CUST-10132,Chakradhar Chaudhary,asingh@example.com,4335353115,Abu Dhabi,2025-05-20
CUST-10133,Mugdha Samra,daminisethi@example.org,+915253461173,Ajman,2025-09-05
CUST-10134,Zayan Agrawal,deonoah@example.com,+914634783708,Abu Dhabi,2026-05-06
CUST-10135,Chaitanya Suresh,wakeeta43@example.com,7306097822,Abu Dhabi,2024-11-26
CUST-10136,Agastya Verma,nirjagarg@example.net,1664754039,Ajman,2025-06-21
CUST-10137,Yasti Dubey,falan60@example.com,+913132885724,Dubai,2026-04-11
CUST-10138,Tarak Yohannan,munshianamika@example.org,+918786324482,Dubai,2026-05-13
CUST-10139,Triya Sankar,comarupkaar@example.com,0605284651,Ajman,2025-06-29
CUST-10140,Eiravati Patil,samar63@example.org,05744251585,Abu Dhabi,2025-04-26
CUST-10141,Vivaan Singh,joshisamarth@example.net,09319551289,Sharjah,2025-08-09
CUST-10142,Nilima Bhandari,alexander83@example.com,5510549111,Ajman,2026-09-15
CUST-10143,Advaith Munshi,ranbirsom@example.net,+913014312732,Abu Dhabi,2025-06-12
CUST-10144,Janani Purohit,thari@example.com,0861543197,Abu Dhabi,2026-07-07
CUST-10145,Ekalinga Dayal,rjhaveri@example.org,+911647657591,Dubai,2024-12-31
CUST-10146,Kala Mitra,thakkarlipika@example.com,01528526552,Dubai,2026-04-22
CUST-10147,Jasmit Maharaj,eesha86@example.org,+915217776681,Dubai,2025-08-04
CUST-10148,Gagan Narain,cpal@example.com,5594889970,Dubai,2025-01-22
CUST-10149,Oliver Iyengar,akulkarni@example.net,0581815796,Ajman,2025-09-11
CUST-10150,Vedant Prabhu,upadhyayluke@example.org,09228346729,Abu Dhabi,2025-05-29
CUST-10151,Nakul Bedi,sidhugavin@example.com,1874912247,Dubai,2026-08-30
CUST-10152,Ayush Nanda,keyavyas@example.com,0530892577,Sharjah,2026-05-05
CUST-10153,Azad Borah,bvig@example.net,4041561469,Abu Dhabi,2024-11-07
CUST-10154,Zaitra Sura,etasangha@example.org,3296390693,Dubai,2025-10-09
CUST-10155,Ethan Rout,vrinda19@example.net,5556656833,Ajman,2025-07-02
CUST-10156,Abdul Misra,dhingraanmol@example.org,04078137480,Abu Dhabi,2025-02-19
CUST-10157,Vaishnavi Thaker,madanchakradhar@example.com,00344595878,Sharjah,2024-10-11
CUST-10158,Akshay Mander,nagylogan@example.com,+916301304707,Abu Dhabi,2024-11-08
CUST-10159,Upadhriti Din,michaelkhatri@example.net,09907491380,Dubai,2025-11-09
CUST-10160,Jeevika Tata,nicholas93@example.net,07088258816,Ajman,2026-08-09
CUST-10161,Ekta Kata,shivanikadakia@example.org,06274531268,Ajman,2026-08-29
CUST-10162,Ryan Virk,wmistry@example.org,+911104306354,Abu Dhabi,2024-12-05
CUST-10163,Jagrati Kant,xgoswami@example.net,+913377044077,Abu Dhabi,2026-05-12
CUST-10164,Dalaja Chandran,sai82@example.net,+913711835641,Dubai,2025-07-26
CUST-10165,Aashi Bhakta,tamannakara@example.org,+910068309100,Abu Dhabi,2026-06-05
CUST-10166,Leela Chada,sankaranaachal@example.net,09826412912,Abu Dhabi,2025-04-29
CUST-10167,Ronith Misra,kiaan59@example.net,8708242487,Abu Dhabi,2026-02-11
CUST-10168,Nimrat Nazareth,mbuch@example.org,07745343436,Dubai,2025-01-21
CUST-10169,Chakradev Goel,lsachdeva@example.com,03034862832,Abu Dhabi,2024-10-17
CUST-10170,Bhanumati Kannan,revadhar@example.net,04574603359,Abu Dhabi,2025-06-30
CUST-10171,Gaurav Manda,qrajagopalan@example.net,+912986951669,Dubai,2025-03-29
CUST-10172,Abdul Edwin,ikshitamohan@example.org,08450180928,Ajman,2024-11-19
CUST-10173,Mitali Gulati,shankerfinn@example.net,9380063384,Ajman,2024-10-11
CUST-10174,Ayushman Sanghvi,dborra@example.org,06171467618,Sharjah,2025-06-04
CUST-10175,Netra Pai,nitesh77@example.org,+914422968784,Ajman,2026-07-31
CUST-10176,Wridesh Bhatti,adwetakrish@example.com,2319644925,Abu Dhabi,2025-05-19
CUST-10177,Kabir Dubey,frado72@example.com,03409441137,Ajman,2025-09-25
CUST-10178,Wriddhish Sachar,othaman@example.net,05716078576,Ajman,2026-02-07
CUST-10179,Zarna Sant,maniishwar@example.net,+912087265274,Sharjah,2025-06-20
CUST-10180,Hritik Basak,gauravjain@example.net,1041284246,Dubai,2025-07-16
CUST-10181,Vedant Hayer,jagdish96@example.net,+915382876414,Dubai,2024-10-14
CUST-10182,Arunima Kata,zansisavant@example.org,01957477924,Dubai,2025-11-22
CUST-10183,George Wason,kashvi46@example.net,+915038022699,Sharjah,2025-11-12
CUST-10184,Tanveer Kade,suhaniramesh@example.net,+913038205078,Sharjah,2026-06-22
CUST-10185,Aarav Balasubramanian,calebsingh@example.net,00809334738,Ajman,2025-01-19
CUST-10186,Lavanya Memon,uvirk@example.org,04927556569,Sharjah,2026-07-27
CUST-10187,Arjun Bhandari,suleosha@example.com,06552185376,Abu Dhabi,2024-11-13
CUST-10188,Gavin Date,kevin59@example.org,+919565747079,Dubai,2025-05-29
CUST-10189,Sara Dave,manderhiral@example.net,03316420662,Ajman,2025-01-31
CUST-10190,Anthony Rai,chandanitara@example.com,+917355520711,Abu Dhabi,2025-04-26
CUST-10191,Mason Bobal,hdhawan@example.org,05756332106,Dubai,2026-05-03
CUST-10192,Aadhya Sunder,harishwalia@example.org,+919605368069,Ajman,2026-08-16
CUST-10193,Nisha Handa,rachitachawla@example.net,+917184667448,Abu Dhabi,2025-09-03
CUST-10194,Dalbir Nagi,owenkala@example.net,+916271711198,Sharjah,2026-04-17
CUST-10195,Anvi Natt,owalia@example.org,7339572399,Ajman,2026-04-14
CUST-10196,Ira Buch,ymemon@example.org,+913501275062,Abu Dhabi,2025-07-31
CUST-10197,Lakshit Chaudhuri,wvarughese@example.net,0642409180,Sharjah,2025-09-27
CUST-10198,Urvi Grewal,chatterjeeneelima@example.org,03759399566,Dubai,2025-10-26
CUST-10199,Henry Mahajan,vbhatnagar@example.com,1212620534,Sharjah,2025-12-06
CUST-10200,Damini Gola,bhavanikapadia@example.net,4424842868,Sharjah,2025-06-17
CUST-10201,Hredhaan Datta,bajwaoliver@example.org,0854123192,Abu Dhabi,2024-12-07
CUST-10202,Chatura Hari,rvarkey@example.net,03884412715,Ajman,2025-11-16
CUST-10203,Warjas Keer,echoudhary@example.net,08776212688,Abu Dhabi,2025-05-31
CUST-10204,Upma Bhardwaj,ramaxavier@example.org,+915841023155,Dubai,2025-07-16
CUST-10205,Jai Sarin,lakshmi28@example.com,+918643839237,Ajman,2025-01-16
CUST-10206,Amara Rajagopal,murtyfiyaz@example.org,02487867348,Ajman,2026-05-08
CUST-10207,Gunbir Pradhan,zachariahekanta@example.com,09696511943,Dubai,2026-06-20
CUST-10208,Chaitanya Sundaram,vanshavenkatesh@example.com,08005469925,Ajman,2026-07-31
CUST-10209,Ucchal Deep,ysuresh@example.org,0227697545,Abu Dhabi,2025-03-06
CUST-10210,Devansh Kale,vtrivedi@example.net,03942779558,Abu Dhabi,2026-09-06
CUST-10211,Onkar Ganguly,prisha55@example.org,8662815095,Sharjah,2025-06-25
CUST-10212,Waida Borde,idesai@example.org,+916507467230,Sharjah,2025-06-28
CUST-10213,Bhanumati Gour,gmistry@example.org,3391046053,Dubai,2025-12-04
CUST-10214,Ekansh Din,chandralibni@example.com,9255260865,Sharjah,2024-12-30
CUST-10215,Wriddhish Cheema,charan73@example.net,+918197556284,Dubai,2025-03-18
CUST-10216,Gavin Saini,nisha02@example.com,00800843153,Ajman,2026-02-19
CUST-10217,Akshay Borah,choudharyamol@example.org,+918740038856,Dubai,2026-01-06
CUST-10218,Krishna Butala,omore@example.com,7302603126,Dubai,2025-05-19
CUST-10219,Bahadurjit Sura,tsaran@example.com,+911818652684,Dubai,2025-06-11
CUST-10220,Riya Mall,mallickekalinga@example.net,8981203877,Ajman,2026-05-05
CUST-10221,Yagnesh Goswami,upadhritithaman@example.org,05534127997,Dubai,2025-02-11
CUST-10222,Amaira Tank,david23@example.org,00702052412,Dubai,2026-08-10
CUST-10223,Thomas Gour,periishwar@example.com,+915978828584,Abu Dhabi,2025-06-24
CUST-10224,Yadavi Mitter,amrita16@example.org,+913114727943,Sharjah,2025-03-23
CUST-10225,Dalaja Dua,edwinwriddhish@example.com,8775561560,Abu Dhabi,2026-07-17
CUST-10226,Finn Kota,kundaneha@example.net,00958208262,Ajman,2025-04-19
CUST-10227,Darpan Dewan,bprabhu@example.org,00543720348,Sharjah,2024-09-23
CUST-10228,Wyatt Pillay,chanderonkar@example.org,05240394525,Dubai,2025-08-26
CUST-10229,Niharika Das,thakurlipika@example.org,01280068970,Sharjah,2024-12-19
CUST-10230,Patrick Bal,utandon@example.com,03768371863,Dubai,2025-03-16
CUST-10231,Jagrati Jhaveri,varghesechakrika@example.com,0765084431,Sharjah,2026-06-13
CUST-10232,Unnati Malhotra,settyaadhya@example.net,5510916530,Ajman,2026-08-02
CUST-10233,Advaith Chhabra,uram@example.com,+915785257777,Dubai,2026-01-07
CUST-10234,Wyatt Baral,hshetty@example.net,+911788622887,Ajman,2026-05-21
CUST-10235,Gunbir Dutta,varkeyyamini@example.org,9982816310,Dubai,2026-08-15
CUST-10236,Falak Samra,jsaini@example.com,+914460823233,Sharjah,2025-01-08
CUST-10237,Logan Zachariah,varughesepriya@example.com,9403863778,Ajman,2026-02-20
CUST-10238,Harita Jhaveri,qdash@example.com,3018172951,Ajman,2025-09-01
CUST-10239,Sai Dar,reyansh42@example.net,+910388562028,Ajman,2025-05-06
CUST-10240,Faqid Barman,cnayak@example.org,07585146915,Dubai,2026-05-24
CUST-10241,Shivansh Ganguly,raghavankevin@example.net,+910797250697,Ajman,2025-12-01
CUST-10242,Nakul Murthy,zarna69@example.net,02487959496,Sharjah,2025-03-04
CUST-10243,Chasmum Suresh,noriindira@example.com,0489559920,Dubai,2025-11-17
CUST-10244,Teerth Chandran,regedaniel@example.net,+913962173644,Dubai,2026-09-10
CUST-10245,Omkaar Hari,vermanachiket@example.com,07641230917,Dubai,2026-06-18
CUST-10246,Neelima Gara,rbasu@example.com,6691885958,Ajman,2025-08-23
CUST-10247,Mohini Master,chackosai@example.org,9042207612,Dubai,2026-01-01
CUST-10248,Omaja Wali,qbala@example.net,0610978042,Dubai,2026-08-19
CUST-10249,Rehaan Nair,aashibutala@example.net,4766329029,Abu Dhabi,2025-05-09
CUST-10250,Ekani Chokshi,victor42@example.org,+910123144906,Abu Dhabi,2025-08-01
CUST-10251,Xavier Sarkar,unnatinadkarni@example.org,8340728366,Abu Dhabi,2025-04-21
CUST-10252,Thomas Sachdev,aarushrama@example.org,+918030970791,Abu Dhabi,2025-10-15
CUST-10253,Eiravati Sagar,sulezayyan@example.org,00671215102,Dubai,2026-05-14
CUST-10254,Saanvi Kade,handaanusha@example.org,5962942098,Dubai,2024-10-09
CUST-10255,Samarth Dhingra,yagnesh14@example.org,0671242082,Sharjah,2025-10-08
CUST-10256,Bhavani Shenoy,triya99@example.com,09307656071,Abu Dhabi,2024-10-03
CUST-10257,Ria Malhotra,modichandran@example.net,6847301491,Ajman,2025-04-01
CUST-10258,Owen Jain,ethan94@example.org,3134042413,Sharjah,2025-12-07
CUST-10259,Nidra Ganesan,matthew43@example.com,6951823082,Dubai,2025-07-20
CUST-10260,Yoshita Iyer,ishita76@example.com,00247875163,Abu Dhabi,2025-12-30
CUST-10261,Lohit Upadhyay,bhattitarak@example.org,01802195149,Ajman,2026-01-22
CUST-10262,Vihaan Sant,arinbassi@example.com,00630127977,Dubai,2026-03-25
CUST-10263,Chandani Pal,zayanbali@example.com,1715028964,Sharjah,2026-02-08
CUST-10264,Parth Bandi,nilima22@example.com,+912271382975,Abu Dhabi,2024-12-31
CUST-10265,Balhaar Dora,fariq55@example.com,4196488984,Abu Dhabi,2025-10-12
CUST-10266,Frado Arya,aarnachanda@example.org,+913864059610,Abu Dhabi,2025-11-30
CUST-10267,Rushil Pai,girish75@example.org,+918170278059,Abu Dhabi,2026-06-19
CUST-10268,Faras Halder,anjalimore@example.com,+913045733338,Ajman,2025-06-05
CUST-10269,Gabriel Mannan,nkhalsa@example.net,+914487317819,Abu Dhabi,2026-03-10
CUST-10270,Ekapad Gour,cbhargava@example.org,01008201830,Abu Dhabi,2025-08-15
CUST-10271,Pavani Varughese,hsen@example.com,4648507368,Dubai,2025-05-01
CUST-10272,Upasna Bir,walianvi@example.org,+916291265330,Sharjah,2024-11-27
CUST-10273,Shravya Dhar,jhalakchowdhury@example.net,03148072161,Abu Dhabi,2024-09-21
CUST-10274,Ekta Patla,vyanjanasalvi@example.org,2518521074,Sharjah,2025-05-04
CUST-10275,Pallavi Kala,idika25@example.net,3219198227,Dubai,2025-08-30
CUST-10276,Damini Gade,nicholas91@example.com,00006400399,Abu Dhabi,2026-07-29
CUST-10277,Ubika Kamdar,riakarnik@example.net,+917227522520,Sharjah,2026-01-20
CUST-10278,Krishna Pradhan,hariniiyer@example.net,04661502915,Dubai,2026-07-04
CUST-10279,Omisha Devi,nicholas27@example.com,6822983783,Sharjah,2026-02-13
CUST-10280,Atharv Suresh,vyanjanasinghal@example.net,2589559135,Sharjah,2026-02-23
CUST-10281,Advaith Rout,chatterjeesai@example.com,+918167790953,Ajman,2025-04-30
CUST-10282,Nilima Oommen,chadaveer@example.net,0933641836,Sharjah,2026-02-09
CUST-10283,Vaishnavi Banerjee,bhagatdev@example.org,9623621929,Abu Dhabi,2025-08-19
CUST-10284,Ronith Sunder,timothy79@example.net,4818147725,Ajman,2025-03-03
CUST-10285,Chasmum Bajaj,tanmayi80@example.net,4696916547,Sharjah,2025-05-13
CUST-10286,Ekta Baria,ekalingachander@example.com,1945105061,Sharjah,2026-08-07
CUST-10287,Oni Mann,nirja92@example.com,04048368750,Dubai,2026-08-02
CUST-10288,Adweta Loyal,loganbajwa@example.com,08516078541,Dubai,2025-08-08
CUST-10289,Dhruv Chadha,onveermore@example.com,8659982780,Abu Dhabi,2024-09-26
CUST-10290,Ishani Shan,aarnabarad@example.org,+918399827843,Dubai,2025-02-11
CUST-10291,Hamsini Bhatnagar,nbatra@example.com,+918103057078,Ajman,2025-10-24
CUST-10292,Faraj Ravel,ayush49@example.org,00465440612,Sharjah,2025-01-11
CUST-10293,Aishani Bhakta,amaira60@example.org,01147138850,Sharjah,2025-07-30
CUST-10294,Aahana Master,peter42@example.com,2660727447,Abu Dhabi,2026-02-19
CUST-10295,Hiral Narain,gayathrimanda@example.org,4614469912,Sharjah,2025-02-25
CUST-10296,Tarak Mani,meghana02@example.net,6955428359,Ajman,2025-01-27
CUST-10297,Lavanya Nayak,onkarsur@example.net,6946571003,Sharjah,2026-03-28
CUST-10298,Wakeeta Aggarwal,maanas01@example.com,+918545425108,Abu Dhabi,2025-01-03
CUST-10299,Prisha Gokhale,vshah@example.org,01113118613,Dubai,2024-12-26
CUST-10300,Peter Apte,lchandra@example.com,8791914616,Sharjah,2025-11-29
CUST-10301,Rishi Rastogi,unni07@example.org,0967683875,Abu Dhabi,2025-09-10
CUST-10302,Ethan Samra,parth05@example.org,06524020298,Sharjah,2026-05-28
CUST-10303,Reyansh Mangal,sulefitan@example.net,02438734947,Ajman,2025-10-05
CUST-10304,Adya Kannan,ikshitasandal@example.org,05247610597,Sharjah,2025-01-28
CUST-10305,Kamya Dugar,divya41@example.net,+913807834105,Sharjah,2026-03-03
CUST-10306,Chaman Sule,jasmit02@example.com,+912371914549,Abu Dhabi,2026-02-21
CUST-10307,Chakrika Agarwal,ckumar@example.org,+919641167409,Sharjah,2025-03-09
CUST-10308,Qadim Dewan,krishnamurthybhavani@example.com,4897767851,Abu Dhabi,2025-02-11
CUST-10309,Onveer Sane,tristan91@example.com,0482729916,Sharjah,2024-11-20
CUST-10310,Victor Chaudhuri,isha04@example.com,9564295787,Ajman,2025-12-23
CUST-10311,Chanakya Garde,raagini32@example.org,07005823407,Sharjah,2025-05-18
CUST-10312,Rajata Narayan,prasadeshana@example.net,1728760434,Dubai,2024-11-10
CUST-10313,David Jha,guptaazaan@example.org,+910448089532,Ajman,2025-08-03
CUST-10314,Jalsa Zacharia,jmahajan@example.org,7638723894,Sharjah,2025-09-23
CUST-10315,Anamika Srivastava,rastogiaashi@example.com,08600793417,Dubai,2025-12-14
CUST-10316,Chaitanya Ganesh,onori@example.org,09414818825,Dubai,2025-02-07
CUST-10317,Isaac Kapoor,hayerakshay@example.org,02760670554,Dubai,2025-02-15
CUST-10318,Ekanta Randhawa,simon80@example.com,08438179369,Abu Dhabi,2024-10-27
CUST-10319,Aditya Thaker,vedikasandal@example.org,9444501558,Sharjah,2024-12-10
CUST-10320,Vinaya Suresh,bansallucky@example.com,8118124637,Abu Dhabi,2026-02-28
CUST-10321,David Sastry,balendrabehl@example.org,8381497832,Sharjah,2024-12-30
CUST-10322,Udant Keer,pranav24@example.org,0778056565,Abu Dhabi,2025-06-12
CUST-10323,Benjamin Srinivasan,hayerfitan@example.org,1710695871,Dubai,2025-06-17
CUST-10324,Faraj Puri,ymand@example.com,+914513174064,Ajman,2026-03-10
CUST-10325,Oni Johal,mannansamesh@example.com,6854947962,Dubai,2025-07-10
CUST-10326,Baljiwan Prabhakar,samakshchowdhury@example.org,+915580945330,Sharjah,2025-11-28
CUST-10327,Daniel Shankar,wwable@example.net,02507883582,Abu Dhabi,2026-02-04
CUST-10328,Waida Rastogi,zmerchant@example.net,2204431567,Dubai,2025-02-22
CUST-10329,Daksha Kamdar,lila76@example.com,7232542325,Abu Dhabi,2026-06-12
CUST-10330,Laksh Som,ychana@example.net,+914410292078,Sharjah,2025-09-05
CUST-10331,Wridesh Handa,jacksonwason@example.com,02584325941,Ajman,2024-12-03
CUST-10332,Nidhi Talwar,gardekrish@example.net,+919026784117,Dubai,2024-11-12
CUST-10333,Bhavini Om,sibalbalvan@example.org,05961768430,Dubai,2024-11-20
CUST-10334,Advik Bora,anshaggarwal@example.com,+910902951023,Sharjah,2025-11-16
CUST-10335,Triveni Varghese,fpathak@example.net,+915022498412,Dubai,2026-06-24
CUST-10336,Sneha Kade,balendrakumar@example.net,+914900038437,Ajman,2025-09-02
CUST-10337,Urvi Malhotra,unni50@example.org,+912817159642,Abu Dhabi,2025-04-07
CUST-10338,Xalak Gera,noahwalia@example.com,02912785120,Abu Dhabi,2025-04-03
CUST-10339,Rehaan Nagarajan,omadan@example.org,07671926847,Sharjah,2025-02-08
CUST-10340,Aditya Grewal,aarnav38@example.net,8470425688,Abu Dhabi,2024-09-22
CUST-10341,Chandani Saini,swaminathanaarush@example.com,9360468694,Sharjah,2024-10-13
CUST-10342,Vasudha Chana,desaijeevika@example.org,7267054032,Abu Dhabi,2025-09-09
CUST-10343,Charita Bhandari,aahana28@example.com,2949965114,Dubai,2025-06-07
CUST-10344,Thomas Yogi,mkothari@example.net,+911433834359,Sharjah,2025-12-22
CUST-10345,Raghav Walia,rattawazir@example.net,04836148976,Ajman,2026-04-10
CUST-10346,Zaitra Andra,ztalwar@example.org,+911190902706,Sharjah,2026-03-24
CUST-10347,Hemani Dixit,ronith98@example.org,+911255735508,Dubai,2026-05-06
CUST-10348,Sara Jayaraman,dassdivya@example.net,5481467358,Ajman,2025-07-14
CUST-10349,Varsha Manda,vamakshi41@example.org,0165240718,Abu Dhabi,2024-09-20
CUST-10350,Agastya Pandey,chakradevhayre@example.net,+911259953427,Abu Dhabi,2024-11-14
CUST-10351,Onkar Seth,ekanta56@example.net,9224378679,Ajman,2026-05-28
CUST-10352,Samar Apte,neel05@example.net,+912018509740,Sharjah,2025-09-17
CUST-10353,Diya Bhat,berawarda@example.com,02647504617,Ajman,2024-10-16
CUST-10354,Lopa Baria,lsani@example.net,02556930533,Dubai,2026-08-03
CUST-10355,Kai Bhattacharyya,knori@example.org,08278046177,Sharjah,2025-09-24
CUST-10356,Jyoti Raj,kalezayyan@example.org,+916976738311,Ajman,2025-07-03
CUST-10357,Niharika Shroff,sundaramavni@example.com,1506293452,Sharjah,2026-04-02
CUST-10358,Oscar Sehgal,geraadvika@example.org,04598774281,Ajman,2025-12-15
CUST-10359,Bina Tank,chawlayagnesh@example.net,02961924552,Sharjah,2025-01-04
CUST-10360,Xavier Issac,jeevika83@example.net,4744530974,Abu Dhabi,2026-03-24
CUST-10361,Yug Deshpande,chahaldiya@example.com,4505246112,Sharjah,2024-12-08
CUST-10362,Jagdish Pant,nedwin@example.com,+918689751015,Dubai,2024-10-20
CUST-10363,Yauvani Mittal,irashankar@example.org,6273404718,Dubai,2025-03-17
CUST-10364,Yashasvi Varma,waidamallick@example.org,3912991505,Sharjah,2026-01-10
CUST-10365,Sachi Dugar,nimrat63@example.com,+915265472992,Ajman,2026-03-05
CUST-10366,Pahal Sarraf,jray@example.com,1327876163,Dubai,2026-07-17
CUST-10367,Edhitha Mitra,kondadayamai@example.com,9152619329,Ajman,2025-01-04
CUST-10368,Raksha Chhabra,libnikapadia@example.com,+911721712727,Ajman,2025-01-11
CUST-10369,Sara Chand,ovohra@example.org,+910968316657,Abu Dhabi,2026-04-24
CUST-10370,Balendra Mallick,anthony37@example.com,08558923344,Ajman,2025-06-26
CUST-10371,Daksh Khalsa,bgoda@example.net,5746185823,Abu Dhabi,2026-04-30
CUST-10372,Januja Kurian,jeevika67@example.com,03937785260,Sharjah,2025-12-12
CUST-10373,Nandini Behl,radhikaborah@example.org,00846724262,Dubai,2026-05-12
CUST-10374,Lavanya Behl,vedadevan@example.org,+918446158861,Sharjah,2025-02-06
CUST-10375,Omaja Mahal,yutikasane@example.com,+911189814028,Ajman,2025-04-03
CUST-10376,Kabir Barman,qdara@example.org,+918409566374,Abu Dhabi,2026-03-16
CUST-10377,Turvi Shankar,bhandaribalhaar@example.com,8991528741,Dubai,2025-02-03
CUST-10378,Timothy Chand,mugdha38@example.org,1813973749,Abu Dhabi,2024-11-14
CUST-10379,Siya Chahal,abhimanyu53@example.org,+912895452070,Abu Dhabi,2026-03-01
CUST-10380,Ayushman Lalla,fradoprabhu@example.com,+917852586873,Sharjah,2024-11-28
CUST-10381,Warhi Varty,jeremiah96@example.com,00824579965,Abu Dhabi,2025-01-30
CUST-10382,Gaurav Vaidya,sarabuch@example.com,+914503276178,Dubai,2026-03-05
CUST-10383,Vansha Grover,liladeol@example.net,+916181052433,Dubai,2025-10-21
CUST-10384,Jalsa Master,avnibadami@example.org,0471056230,Dubai,2025-05-23
CUST-10385,Sathvik Chahal,ikbalmallick@example.com,01683484972,Dubai,2025-08-25
CUST-10386,Eta Palan,thamanchatresh@example.org,+918933279108,Abu Dhabi,2025-03-19
CUST-10387,Gaurika Raja,yaminisen@example.net,+917261265316,Abu Dhabi,2024-11-10
CUST-10388,Caleb Mallick,bandiabha@example.net,6762317693,Ajman,2026-05-18
CUST-10389,Nirja Saxena,kala27@example.net,+919072421662,Ajman,2025-09-14
CUST-10390,Urishilla Lall,caleb85@example.com,04296129130,Dubai,2026-08-21
CUST-10391,Jagdish Parsa,goeleiravati@example.com,09552893683,Dubai,2025-11-19
CUST-10392,Hritik Tella,ghalder@example.net,8981698605,Abu Dhabi,2025-01-25
CUST-10393,Ikshita Ramanathan,unni97@example.net,+914800739250,Ajman,2026-04-12
CUST-10394,Jairaj Sunder,parikhveer@example.com,09897682663,Sharjah,2026-08-27
CUST-10395,Girish Sarkar,akapadia@example.net,2982659376,Dubai,2025-08-15
CUST-10396,Omya Mukhopadhyay,osani@example.net,6465945326,Dubai,2025-07-18
CUST-10397,Turvi Char,kumerabeer@example.org,+919324270378,Ajman,2026-06-27
CUST-10398,Ishanvi Basak,ishani52@example.net,+911352022120,Ajman,2025-06-05
CUST-10399,Damyanti Basu,brajagopalan@example.org,09826446665,Dubai,2025-11-20
CUST-10400,Manbir Deol,cdey@example.com,+911638728368,Abu Dhabi,2025-11-15
CUST-10401,Hredhaan Malhotra,saxenaamrita@example.org,1382636591,Ajman,2025-06-26
CUST-10402,Lavanya Sundaram,amol34@example.net,+914296401681,Abu Dhabi,2026-05-14
CUST-10403,Chanakya Goel,qram@example.org,07649211924,Sharjah,2025-03-20
CUST-10404,Eiravati Mohan,sarinnitesh@example.org,9603852285,Ajman,2026-08-30
CUST-10405,Robert Baria,rkuruvilla@example.org,0374924565,Abu Dhabi,2025-09-21
CUST-10406,Abdul Naidu,osha20@example.com,6487149237,Abu Dhabi,2026-03-09
CUST-10407,Laksh Subramanian,hemangini00@example.com,6902174563,Ajman,2026-06-19
CUST-10408,Yash Deep,nayakvedika@example.com,+916635950753,Dubai,2025-10-18
CUST-10409,Anita Raja,mohinisanghvi@example.net,5038929975,Dubai,2025-03-12
CUST-10410,Vritti Parmar,ethan56@example.net,7430857229,Ajman,2025-02-20
CUST-10411,Meghana Kari,jhalakdar@example.com,2973013356,Dubai,2025-09-08
CUST-10412,Hredhaan Nair,chandrankohli@example.org,+911188702873,Ajman,2025-05-23
CUST-10413,Sachi Dhawan,sara16@example.net,3095410414,Abu Dhabi,2025-12-24
CUST-10414,Omkaar Hans,ftalwar@example.net,05244190991,Ajman,2025-01-31
CUST-10415,Raghav Bath,kundaishani@example.org,7820691738,Ajman,2024-11-08
CUST-10416,Upadhriti Bumb,adweta05@example.net,+919598877301,Abu Dhabi,2026-02-23
CUST-10417,Ikshita Dhawan,sibalwarda@example.org,08983704356,Abu Dhabi,2025-07-13
CUST-10418,Wakeeta Reddy,goswamijai@example.com,+915722877492,Sharjah,2026-07-13
CUST-10419,Oeshi Pall,ugandhi@example.net,0862876442,Abu Dhabi,2024-10-16
CUST-10420,Chatresh Upadhyay,vihaan97@example.org,+919026426545,Ajman,2025-03-13
CUST-10421,Champak Prakash,ibarad@example.org,+910410838792,Sharjah,2026-05-11
CUST-10422,Pahal Thaman,skulkarni@example.org,02652750178,Sharjah,2025-03-30
CUST-10423,Harshil Varghese,ramanhemangini@example.org,0480654762,Dubai,2025-12-24
CUST-10424,Rishi Mani,veer93@example.org,05359919654,Abu Dhabi,2024-12-27
CUST-10425,Yamini Ben,yatan17@example.org,04478550458,Dubai,2024-10-07
CUST-10426,Ronith Dugar,anusha32@example.com,+912163785777,Sharjah,2026-09-03
CUST-10427,Lila Manne,unnatiwali@example.com,00584670079,Abu Dhabi,2026-02-25
CUST-10428,Inaya Pradhan,parthhegde@example.org,07462398425,Abu Dhabi,2026-07-28
CUST-10429,Daniel Shankar,mallickbalveer@example.com,8408536469,Abu Dhabi,2025-07-08
CUST-10430,Jasmit Kashyap,amol78@example.org,7275081052,Abu Dhabi,2025-07-08
CUST-10431,Daksha Borde,revatrivedi@example.org,0888171950,Sharjah,2024-12-08
CUST-10432,Vincent Madan,geetikakeer@example.com,9510577816,Dubai,2026-09-01
CUST-10433,Januja Nayak,qushihayre@example.net,+917783132297,Sharjah,2026-02-12
CUST-10434,Ubika Karpe,vansha21@example.net,+917602983105,Abu Dhabi,2025-02-26
CUST-10435,Sanaya Gill,vasanabhavsar@example.org,7757842924,Ajman,2025-12-14
CUST-10436,Brijesh Bhatt,brinda27@example.net,4398016964,Ajman,2026-06-02
CUST-10437,Janaki Nayak,ravelabhimanyu@example.com,+910406063513,Ajman,2024-11-06
CUST-10438,Sanaya Sharaf,dakshanayak@example.net,+910217733174,Sharjah,2025-01-27
CUST-10439,Bahadurjit Mandal,raghavansaanvi@example.org,0102679637,Sharjah,2026-03-14
CUST-10440,Varsha Kaul,sdyal@example.org,06456053401,Sharjah,2025-03-20
CUST-10441,Madhavi Dugar,esrinivasan@example.org,4822244093,Sharjah,2024-09-24
CUST-10442,Bhavya Handa,triptiagate@example.net,02988296996,Dubai,2024-10-10
CUST-10443,Falak Randhawa,hiral16@example.org,0021037360,Ajman,2026-09-05
CUST-10444,Bimala Nanda,kbhatt@example.org,7748678950,Dubai,2026-07-11
CUST-10445,Shivansh Ramakrishnan,vasatika98@example.com,0182004775,Abu Dhabi,2025-03-17
CUST-10446,Udant Agarwal,hritikjohal@example.com,8785642687,Dubai,2025-04-16
CUST-10447,Pranav Jain,ravisudiksha@example.org,+914744293361,Ajman,2026-08-19
CUST-10448,Oni Chaudry,brinda71@example.net,06005401604,Abu Dhabi,2026-02-11
CUST-10449,Samuel Garg,boraisaiah@example.com,07924162993,Ajman,2026-06-30
CUST-10450,Simon Ram,aadi31@example.org,4856737030,Ajman,2026-03-27
CUST-10451,Faraj Pau,oviya95@example.com,03783949323,Abu Dhabi,2025-09-09
CUST-10452,Chandran Bhakta,udyati44@example.net,+917778860067,Ajman,2025-07-23
CUST-10453,Yashawini Sinha,banikgagan@example.com,4012124446,Ajman,2025-05-25
CUST-10454,Nachiket Jain,lchand@example.org,00724042337,Dubai,2024-11-24
CUST-10455,Eta Tella,rsaini@example.org,+912692595775,Sharjah,2026-07-08
CUST-10456,Balveer Parsa,abha24@example.org,06340666616,Dubai,2026-04-19
CUST-10457,Ekanta Mannan,hritik08@example.net,06235837662,Dubai,2024-12-10
CUST-10458,Manbir Karan,samarth23@example.org,4194071395,Dubai,2025-04-09
CUST-10459,Arin Chada,wahab16@example.org,+916067460918,Ajman,2025-04-21
CUST-10460,Zaitra Jaggi,harshilsekhon@example.com,8902884685,Dubai,2026-07-19
CUST-10461,Guneet Dhar,borraleela@example.net,+919864280468,Dubai,2026-01-21
CUST-10462,Yug Mammen,nravel@example.org,+917539160226,Sharjah,2025-09-26
CUST-10463,Irya Verma,indalinadkarni@example.com,0947012775,Abu Dhabi,2026-02-23
CUST-10464,Jackson Choudhary,kariati@example.net,+919977957142,Ajman,2026-06-06
CUST-10465,Aarna Kakar,rameshjagat@example.net,4473985699,Abu Dhabi,2026-07-14
CUST-10466,Lipika Acharya,kaleamruta@example.net,+914556546749,Abu Dhabi,2025-04-19
CUST-10467,Arin Vora,max05@example.net,1519150516,Sharjah,2025-08-03
CUST-10468,Chandani Kant,darafariq@example.org,07722459981,Ajman,2025-12-31
CUST-10469,Abdul Tara,nkohli@example.net,04921687220,Sharjah,2026-06-20
CUST-10470,Samesh Vora,daraaarav@example.org,0489553735,Abu Dhabi,2026-07-24
CUST-10471,Meghana Nath,amangat@example.org,01028898500,Ajman,2025-07-03
CUST-10472,Christopher Bala,balatriya@example.org,5416016164,Sharjah,2026-07-10
CUST-10473,Zayan Kala,chaitanyarandhawa@example.com,04476299384,Abu Dhabi,2025-11-28
CUST-10474,Kalpit Wali,srivastavaekta@example.com,+917027428336,Abu Dhabi,2024-12-04
CUST-10475,Karan Nadig,nakulparsa@example.com,09227996833,Ajman,2026-02-27
CUST-10476,Charvi More,kalarachit@example.org,00165110570,Dubai,2026-01-01
CUST-10477,Neha Shukla,anyacontractor@example.com,8401448513,Dubai,2026-06-24
CUST-10478,Damyanti Nagar,iyadav@example.com,6019187857,Dubai,2026-02-10
CUST-10479,Tanay Nori,kdeshpande@example.com,04345681226,Dubai,2026-06-13
CUST-10480,Hiral Dar,ibir@example.net,00271027405,Abu Dhabi,2025-09-11
CUST-10481,Agastya Bahri,kapurumang@example.org,01435217234,Ajman,2025-01-15
CUST-10482,Krish Narasimhan,naveen96@example.com,5500260216,Abu Dhabi,2026-02-20
CUST-10483,Aarnav Vig,ojaschanda@example.com,+915700001408,Dubai,2024-11-02
CUST-10484,Anirudh D’Alia,bhattinimrat@example.org,8957775347,Sharjah,2025-07-16
CUST-10485,Dalbir Pathak,benjamin54@example.net,06230806113,Sharjah,2025-09-24
CUST-10486,Yoshita Chaudhary,orinder96@example.net,+911381968167,Sharjah,2026-04-16
CUST-10487,Ansh Bansal,pinglejeremiah@example.net,06639374960,Sharjah,2024-11-03
CUST-10488,Januja Dubey,inarasimhan@example.com,3768156029,Ajman,2025-05-02
CUST-10489,Yash Misra,noah50@example.net,+910994492518,Sharjah,2026-07-26
CUST-10490,Sachi Kurian,aadi90@example.com,07324698952,Ajman,2025-09-06
CUST-10491,Kashish Kala,sarafhritik@example.org,+916972124767,Ajman,2025-10-26
CUST-10492,Gaurav Palla,pallchakrika@example.com,05808644009,Ajman,2025-08-15
CUST-10493,Maanav Morar,balakrishnanomaja@example.net,+917707439850,Sharjah,2025-12-17
CUST-10494,Yahvi Mani,divyaoza@example.org,+911805595870,Ajman,2025-02-25
CUST-10495,Maanas Char,gabriel18@example.com,05214038689,Dubai,2025-12-03
CUST-10496,Abhiram Lal,jbava@example.org,+911455502178,Ajman,2025-07-27
CUST-10497,Urvi Pandya,rajeshri00@example.org,8776123656,Ajman,2024-10-14
CUST-10498,Omaja Sahota,labandayal@example.com,+912565593161,Sharjah,2025-01-12
CUST-10499,Bakhshi Salvi,danielbawa@example.org,01055830316,Dubai,2026-08-06
