review_id,order_id,customer_id,restaurant_id,review_text,rating,review_timestamp
REV-000004,ORD-20260411-823720,CUST-10001,REST-SHJ-001,Best Indian food in UAE! Dal Makhani were incredible. Dal Makhani had the perfect balance of spices. Five stars!,5,2026-04-12T17:59:28.473408
REV-000001,ORD-20260410-667818,CUST-10294,REST-DXB-002,Hands down the best Garlic Naan I've ever had! Chole Bhature  Malai Kofta  and Garlic Naan were all prepared beautifully. Fresh and flavorful!,5,2026-04-12T20:34:24.473408
REV-000003,ORD-20260410-308303,CUST-10267,REST-DXB-002,Pleasant meal! Fish Curry and Fresh Lime Soda arrived warm. Fish Curry was tasty though not exceptional. Would order again.,4,2026-04-12T22:01:51.473408
REV-000002,ORD-20260410-434788,CUST-10102,REST-DXB-002,Pleasant meal! Butter Chicken and Paneer Tikka arrived warm. Butter Chicken was tasty though not exceptional. Would order again.,4,2026-04-15T21:14:38.473408
REV-000005,ORD-20260416-774531,CUST-10035,REST-AUH-001,Terrible experience! Mango Lassi  Chicken Tikka Masala  Butter Naan  Tandoori Roti  and Paneer Tikka were all inedible. Butter Naan was completely burnt. Waste of money!,1,2026-04-17T10:01:09.473408
REV-000006,ORD-20260416-168155,CUST-10282,REST-DXB-002,Hands down the best Masala Chai I've ever had! Paneer Butter Masala  Jeera Rice  and Masala Chai were all prepared beautifully. Fresh and flavorful!,5,2026-04-18T11:09:06.473408
REV-000007,ORD-20260416-218978,CUST-10474,REST-SHJ-001,Hands down the best Butter Naan I've ever had! Malai Kofta  Rasmalai (2 pcs)  and Butter Naan were all prepared beautifully. Fresh and flavorful!,5,2026-04-18T19:05:42.473408
REV-000008,ORD-20260417-175375,CUST-10469,REST-AUH-002,Mediocre. Gajar Halwa were fine but forgettable. Gajar Halwa didn't stand out.,3,2026-04-18T19:13:05.473408
REV-000009,ORD-20260419-494950,CUST-10286,REST-AUH-001,It was okay. Chicken Biryani  Fish Curry  and Chicken Tikka Masala arrived lukewarm. Fish Curry tasted fine but could be better.,3,2026-04-21T11:39:48.473408
REV-000011,ORD-20260419-598846,CUST-10417,REST-AUH-002,Perfect in every way! Chicken Biryani  Lamb Rogan Josh  Chole Bhature  and Mango Lassi were all excellent. Mango Lassi stood out with its rich  authentic taste.,5,2026-04-23T21:55:20.473408
REV-000012,ORD-20260423-322775,CUST-10208,REST-AUH-002,Poor experience. Kulfi were disappointing. Kulfi was burnt on the edges. Very unhappy.,2,2026-04-24T10:14:01.473408
REV-000010,ORD-20260419-969964,CUST-10251,REST-DXB-002,Perfect in every way! Chicken Biryani were all excellent. Chicken Biryani stood out with its rich  authentic taste.,5,2026-04-24T14:47:32.473408
REV-000013,ORD-20260423-995330,CUST-10425,REST-AUH-002,Outstanding experience! The Gulab Jamun (2 pcs)  Sweet Lassi  Jeera Rice  Chicken 65  and Vegetable Biryani exceeded all expectations. Chicken 65 was the star of the meal. Will definitely order again!,5,2026-04-26T11:19:32.473408
REV-000014,ORD-20260423-283118,CUST-10080,REST-AUH-002,Absolutely amazing Chicken Seekh Kebab  Fish Curry  Naan  and Rasmalai (2 pcs)! The Rasmalai (2 pcs) was cooked to perfection. Fresh ingredients and authentic flavors. Highly recommend!,5,2026-04-27T11:55:09.473408
REV-000017,ORD-20260426-417057,CUST-10481,REST-AUH-001,Decent food but nothing special. Kulfi and Naan were okay. Naan lacked the punch I expected.,3,2026-04-28T15:25:34.473408
REV-000016,ORD-20260425-957805,CUST-10371,REST-AUH-002,Perfect in every way! Chicken Tikka Masala  Butter Chicken  and Fish Curry were all excellent. Chicken Tikka Masala stood out with its rich  authentic taste.,5,2026-04-30T16:29:58.473408
REV-000015,ORD-20260425-419858,CUST-10409,REST-AUH-001,Incredible meal! Rasmalai (2 pcs) and Malai Kofta arrived hot and fresh. The Malai Kofta was absolutely divine. Highly satisfied!,5,2026-05-01T11:53:17.473408
REV-000018,ORD-20260427-589204,CUST-10339,REST-DXB-001,Wow! Just wow! Samosa (2 pcs)  Lamb Rogan Josh  and Butter Chicken were all fantastic. Butter Chicken was particularly memorable. Can't wait to order again!,5,2026-05-02T21:30:40.473408
REV-000019,ORD-20260430-882696,CUST-10321,REST-SHJ-001,Absolutely amazing Fresh Lime Soda and Butter Naan! The Fresh Lime Soda was cooked to perfection. Fresh ingredients and authentic flavors. Highly recommend!,5,2026-05-04T14:46:44.473408
REV-000020,ORD-20260503-473163,CUST-10043,REST-DXB-002,Expected better. Lamb Rogan Josh  Mango Lassi  and Palak Paneer were subpar. Palak Paneer was too oily and greasy. Stomach upset followed.,2,2026-05-06T20:17:23.473408
REV-000021,ORD-20260505-392601,CUST-10032,REST-DXB-002,Incredible meal! Paneer Butter Masala and Aloo Tikki Chaat arrived hot and fresh. The Aloo Tikki Chaat was absolutely divine. Highly satisfied!,5,2026-05-09T10:00:06.473408
REV-000023,ORD-20260508-533943,CUST-10399,REST-DXB-002,Incredible meal! Garlic Naan and Tandoori Roti arrived hot and fresh. The Garlic Naan was absolutely divine. Highly satisfied!,5,2026-05-10T10:16:34.473408
REV-000024,ORD-20260508-166155,CUST-10110,REST-SHJ-001,Very satisfied! Fresh Lime Soda and Chicken Biryani were fresh and flavorful. Fresh Lime Soda was the standout dish.,4,2026-05-12T22:51:35.473408
REV-000022,ORD-20260507-675566,CUST-10459,REST-AUH-002,Great food overall. Chole Bhature were tasty  especially the Chole Bhature. Would order again!,4,2026-05-13T13:28:43.473408
REV-000025,ORD-20260509-877365,CUST-10323,REST-AUH-002,Average experience. Jeera Rice  Aloo Tikki Chaat  Mango Lassi  and Fresh Lime Soda were fine but Fresh Lime Soda was a bit bland. Room for improvement.,3,2026-05-13T17:03:46.473408
REV-000026,ORD-20260512-823206,CUST-10169,REST-DXB-001,Hands down the best Gulab Jamun (2 pcs) I've ever had! Gulab Jamun (2 pcs) and Fish Curry were all prepared beautifully. Fresh and flavorful!,5,2026-05-15T15:10:28.473408
REV-000027,ORD-20260516-491055,CUST-10058,REST-SHJ-001,Great food overall. Chole Bhature were tasty  especially the Chole Bhature. Would order again!,4,2026-05-18T17:23:57.473408
REV-000029,ORD-20260518-651327,CUST-10489,REST-AUH-001,Really good Chicken Tikka Masala  Rasmalai (2 pcs)  Masala Chai  and Butter Chicken! The Chicken Tikka Masala was delicious. Slight delay in delivery but food quality made up for it.,4,2026-05-20T12:14:41.473408
REV-000028,ORD-20260517-649560,CUST-10296,REST-SHJ-001,Wow! Just wow! Fish Curry and Fresh Lime Soda were all fantastic. Fish Curry was particularly memorable. Can't wait to order again!,5,2026-05-22T19:46:40.473408
REV-000032,ORD-20260522-462591,CUST-10152,REST-AUH-002,Perfect in every way! Chicken 65  Rasmalai (2 pcs)  and Fish Curry were all excellent. Chicken 65 stood out with its rich  authentic taste.,5,2026-05-24T12:51:33.473408
REV-000030,ORD-20260520-952471,CUST-10179,REST-AUH-001,Exceptional quality! Ordered Samosa (2 pcs) and Chole Bhature and everything was delicious. The Samosa (2 pcs) melted in my mouth. Perfect!,5,2026-05-24T13:35:51.473408
REV-000031,ORD-20260521-534190,CUST-10194,REST-DXB-002,Exceptional quality! Ordered Gulab Jamun (2 pcs) and everything was delicious. The Gulab Jamun (2 pcs) melted in my mouth. Perfect!,5,2026-05-26T19:59:31.473408
REV-000035,ORD-20260526-847563,CUST-10340,REST-SHJ-001,Pleasant meal! Samosa (2 pcs)  Fresh Lime Soda  and Gulab Jamun (2 pcs) arrived warm. Samosa (2 pcs) was tasty though not exceptional. Would order again.,4,2026-05-28T16:25:19.473408
REV-000033,ORD-20260523-572923,CUST-10367,REST-AUH-002,Absolutely amazing Chicken Tikka Masala! The Chicken Tikka Masala was cooked to perfection. Fresh ingredients and authentic flavors. Highly recommend!,5,2026-05-30T14:24:44.473408
REV-000034,ORD-20260525-992734,CUST-10293,REST-AUH-001,Best Indian food in UAE! Vegetable Biryani  Tandoori Roti  and Chicken 65 were incredible. Tandoori Roti had the perfect balance of spices. Five stars!,5,2026-05-31T22:54:50.473408
REV-000036,ORD-20260601-708126,CUST-10438,REST-AUH-002,Solid experience. Samosa (2 pcs)  Aloo Tikki Chaat  Garlic Naan  and Chicken Seekh Kebab were well-prepared. Samosa (2 pcs) had great flavor. Minor issues with packaging.,4,2026-06-02T11:03:28.473408
REV-000038,ORD-20260607-357826,CUST-10335,REST-AUH-001,Enjoyed the Rasmalai (2 pcs)! Rasmalai (2 pcs) was very good. Portion sizes were generous. Recommend!,4,2026-06-09T21:46:47.473408
REV-000039,ORD-20260608-958777,CUST-10065,REST-DXB-002,Great food overall. Gajar Halwa were tasty  especially the Gajar Halwa. Would order again!,4,2026-06-10T13:18:52.473408
REV-000037,ORD-20260606-221588,CUST-10449,REST-DXB-001,Enjoyed the Gajar Halwa  Butter Naan  and Chole Bhature! Gajar Halwa was very good. Portion sizes were generous. Recommend!,4,2026-06-13T10:03:29.473408
REV-000040,ORD-20260609-789884,CUST-10459,REST-AUH-002,Pleasant meal! Kulfi and Fish Curry arrived warm. Kulfi was tasty though not exceptional. Would order again.,4,2026-06-13T14:04:46.473408
REV-000041,ORD-20260612-352112,CUST-10280,REST-AUH-001,Hands down the best Vegetable Biryani I've ever had! Vegetable Biryani were all prepared beautifully. Fresh and flavorful!,5,2026-06-14T17:21:17.473408
REV-000044,ORD-20260617-612497,CUST-10421,REST-DXB-002,It was okay. Gulab Jamun (2 pcs)  Kulfi  Mango Lassi  Lamb Rogan Josh  and Tandoori Roti arrived lukewarm. Tandoori Roti tasted fine but could be better.,3,2026-06-18T20:31:29.473408
REV-000043,ORD-20260617-953380,CUST-10033,REST-AUH-002,Pleasant meal! Fish Curry  Tandoori Roti  and Rasmalai (2 pcs) arrived warm. Fish Curry was tasty though not exceptional. Would order again.,4,2026-06-21T11:34:08.473408
REV-000042,ORD-20260615-778695,CUST-10404,REST-DXB-002,Perfect in every way! Kulfi were all excellent. Kulfi stood out with its rich  authentic taste.,5,2026-06-21T17:40:24.473408
REV-000046,ORD-20260620-632297,CUST-10109,REST-AUH-002,Not bad  not great. Vegetable Biryani were edible. Vegetable Biryani needed more seasoning.,3,2026-06-22T12:43:35.473408
REV-000045,ORD-20260618-766634,CUST-10456,REST-AUH-001,Solid experience. Butter Chicken  Sweet Lassi  and Gulab Jamun (2 pcs) were well-prepared. Sweet Lassi had great flavor. Minor issues with packaging.,4,2026-06-24T13:14:03.473408
REV-000048,ORD-20260627-309628,CUST-10317,REST-AUH-001,Expected better. Chicken Biryani  Palak Paneer  and Fresh Lime Soda were subpar. Fresh Lime Soda was too oily and greasy. Stomach upset followed.,2,2026-07-01T14:25:20.473408
REV-000047,ORD-20260626-121871,CUST-10196,REST-AUH-001,Absolutely amazing Jeera Rice! The Jeera Rice was cooked to perfection. Fresh ingredients and authentic flavors. Highly recommend!,5,2026-07-02T20:04:40.473408
REV-000049,ORD-20260706-365364,CUST-10184,REST-DXB-002,Poor experience. Chicken Biryani  Chicken Seekh Kebab  Sweet Lassi  Paneer Tikka  and Vegetable Biryani were disappointing. Chicken Biryani was burnt on the edges. Very unhappy.,2,2026-07-11T20:15:02.473408
REV-000050,ORD-20260708-347644,CUST-10373,REST-SHJ-001,Outstanding experience! The Gajar Halwa  Mango Lassi  and Kulfi exceeded all expectations. Kulfi was the star of the meal. Will definitely order again!,5,2026-07-12T16:33:33.473408
REV-000051,ORD-20260711-432584,CUST-10108,REST-DXB-001,It was okay. Chicken Tikka Masala  Butter Chicken  and Fish Curry arrived lukewarm. Butter Chicken tasted fine but could be better.,3,2026-07-18T19:20:10.473408
REV-000053,ORD-20260721-478623,CUST-10017,REST-DXB-002,Wow! Just wow! Fish Curry  Garlic Naan  Chicken Biryani  Masala Chai  and Sweet Lassi were all fantastic. Masala Chai was particularly memorable. Can't wait to order again!,5,2026-07-22T14:52:32.473408
REV-000052,ORD-20260718-442155,CUST-10302,REST-AUH-002,Unsatisfactory. Butter Chicken  Garlic Naan  and Paneer Tikka were not fresh. Butter Chicken tasted reheated. Won't order again.,2,2026-07-22T19:01:34.473408
REV-000055,ORD-20260722-517810,CUST-10450,REST-DXB-001,Wow! Just wow! Kulfi  Paneer Butter Masala  Jeera Rice  Chicken 65  and Palak Paneer were all fantastic. Jeera Rice was particularly memorable. Can't wait to order again!,5,2026-07-23T20:00:14.473408
REV-000056,ORD-20260723-233467,CUST-10234,REST-AUH-001,Really good Vegetable Biryani and Aloo Tikki Chaat! The Aloo Tikki Chaat was delicious. Slight delay in delivery but food quality made up for it.,4,2026-07-26T13:35:08.473408
REV-000058,ORD-20260725-531892,CUST-10177,REST-AUH-001,Terrible experience! Gulab Jamun (2 pcs)  Tandoori Roti  and Chicken Biryani were all inedible. Gulab Jamun (2 pcs) was completely burnt. Waste of money!,1,2026-07-26T13:46:10.473408
REV-000054,ORD-20260721-255354,CUST-10489,REST-DXB-001,Perfect in every way! Chicken 65 and Chole Bhature were all excellent. Chole Bhature stood out with its rich  authentic taste.,5,2026-07-28T15:06:38.473408
REV-000057,ORD-20260724-476794,CUST-10027,REST-SHJ-001,Best Indian food in UAE! Lamb Rogan Josh were incredible. Lamb Rogan Josh had the perfect balance of spices. Five stars!,5,2026-07-29T15:50:10.473408
REV-000059,ORD-20260727-262434,CUST-10172,REST-DXB-001,Unsatisfactory. Butter Chicken  Tandoori Roti  Paneer Butter Masala  Malai Kofta  and Rasmalai (2 pcs) were not fresh. Malai Kofta tasted reheated. Won't order again.,2,2026-08-02T18:00:52.473408
REV-000061,ORD-20260802-287870,CUST-10068,REST-SHJ-001,Decent food but nothing special. Palak Paneer and Chicken Seekh Kebab were okay. Chicken Seekh Kebab lacked the punch I expected.,3,2026-08-03T14:28:34.473408
REV-000060,ORD-20260729-556574,CUST-10152,REST-SHJ-001,Wow! Just wow! Chicken 65  Kulfi  Palak Paneer  and Samosa (2 pcs) were all fantastic. Palak Paneer was particularly memorable. Can't wait to order again!,5,2026-08-05T13:47:58.473408
REV-000063,ORD-20260812-764585,CUST-10080,REST-DXB-002,Hands down the best Chicken 65 I've ever had! Chicken 65 and Butter Naan were all prepared beautifully. Fresh and flavorful!,5,2026-08-13T14:26:08.473408
REV-000062,ORD-20260810-411974,CUST-10114,REST-AUH-002,Decent food but nothing special. Tandoori Roti  Malai Kofta  Gajar Halwa  and Aloo Tikki Chaat were okay. Gajar Halwa lacked the punch I expected.,3,2026-08-16T12:53:32.473408
REV-000064,ORD-20260812-860832,CUST-10185,REST-DXB-002,Incredible meal! Lamb Rogan Josh  Naan  Chicken 65  and Malai Kofta arrived hot and fresh. The Malai Kofta was absolutely divine. Highly satisfied!,5,2026-08-18T18:05:54.473408
REV-000065,ORD-20260815-649959,CUST-10086,REST-DXB-001,Exceptional quality! Ordered Jeera Rice and everything was delicious. The Jeera Rice melted in my mouth. Perfect!,5,2026-08-18T21:13:49.473408
REV-000067,ORD-20260817-320116,CUST-10056,REST-AUH-001,Best Indian food in UAE! Garlic Naan  Rasmalai (2 pcs)  Paneer Butter Masala  and Chicken Seekh Kebab were incredible. Paneer Butter Masala had the perfect balance of spices. Five stars!,5,2026-08-20T17:21:09.473408
REV-000069,ORD-20260822-893419,CUST-10134,REST-AUH-002,Very satisfied! Gajar Halwa and Naan were fresh and flavorful. Gajar Halwa was the standout dish.,4,2026-08-23T10:31:31.473408
REV-000066,ORD-20260816-342018,CUST-10376,REST-AUH-001,Great food overall. Butter Chicken and Chicken Tikka Masala were tasty  especially the Chicken Tikka Masala. Would order again!,4,2026-08-23T12:17:30.473408
REV-000068,ORD-20260819-602532,CUST-10199,REST-AUH-001,Good quality food. Paneer Butter Masala  Dal Makhani  Butter Naan  Gajar Halwa  and Mango Lassi were nicely done. Gajar Halwa could have been slightly spicier but still good!,4,2026-08-24T15:22:48.473408
REV-000070,ORD-20260822-980658,CUST-10455,REST-AUH-002,Decent food but nothing special. Rasmalai (2 pcs)  Tandoori Roti  and Palak Paneer were okay. Palak Paneer lacked the punch I expected.,3,2026-08-26T15:52:03.473408
REV-000072,ORD-20260825-929252,CUST-10313,REST-SHJ-001,Exceptional quality! Ordered Chicken Tikka Masala  Mango Lassi  Malai Kofta  Fresh Lime Soda  and Gulab Jamun (2 pcs) and everything was delicious. The Gulab Jamun (2 pcs) melted in my mouth. Perfect!,5,2026-08-26T16:32:56.473408
REV-000071,ORD-20260824-851857,CUST-10275,REST-AUH-001,Pleasant meal! Palak Paneer  Paneer Butter Masala  and Dal Makhani arrived warm. Paneer Butter Masala was tasty though not exceptional. Would order again.,4,2026-08-27T17:34:34.473408
REV-000073,ORD-20260827-189487,CUST-10062,REST-AUH-001,Incredible meal! Paneer Tikka  Gajar Halwa  and Samosa (2 pcs) arrived hot and fresh. The Samosa (2 pcs) was absolutely divine. Highly satisfied!,5,2026-09-02T22:10:33.473408
REV-000075,ORD-20260828-233622,CUST-10194,REST-SHJ-001,Best Indian food in UAE! Masala Chai  Chicken 65  Mango Lassi  and Jeera Rice were incredible. Masala Chai had the perfect balance of spices. Five stars!,5,2026-09-03T21:30:18.473408
REV-000074,ORD-20260828-620382,CUST-10178,REST-SHJ-001,Appalling quality! Palak Paneer  Gajar Halwa  Sweet Lassi  and Butter Chicken were swimming in oil. Gajar Halwa was raw inside. Health hazard!,1,2026-09-04T11:29:54.473408
REV-000076,ORD-20260830-314258,CUST-10414,REST-DXB-002,Perfect in every way! Sweet Lassi  Chicken Seekh Kebab  Butter Chicken  Malai Kofta  and Fresh Lime Soda were all excellent. Butter Chicken stood out with its rich  authentic taste.,5,2026-09-06T21:00:24.473408
REV-000078,ORD-20260903-279706,CUST-10265,REST-SHJ-001,Wow! Just wow! Dal Makhani were all fantastic. Dal Makhani was particularly memorable. Can't wait to order again!,5,2026-09-07T16:23:38.473408
REV-000077,ORD-20260902-218439,CUST-10053,REST-DXB-002,Best Indian food in UAE! Fresh Lime Soda  Aloo Tikki Chaat  Paneer Tikka  and Lamb Rogan Josh were incredible. Paneer Tikka had the perfect balance of spices. Five stars!,5,2026-09-08T16:36:10.473408
REV-000080,ORD-20260909-216317,CUST-10229,REST-DXB-001,Really good Chicken Seekh Kebab  Dal Makhani  and Kulfi! The Dal Makhani was delicious. Slight delay in delivery but food quality made up for it.,4,2026-09-10T11:35:03.473408
REV-000079,ORD-20260906-291855,CUST-10267,REST-AUH-001,Mediocre. Gajar Halwa were fine but forgettable. Gajar Halwa didn't stand out.,3,2026-09-11T15:40:39.473408
REV-000081,ORD-20260909-771244,CUST-10213,REST-SHJ-001,Pleasant meal! Chicken Biryani  Sweet Lassi  Paneer Tikka  and Tandoori Roti arrived warm. Sweet Lassi was tasty though not exceptional. Would order again.,4,2026-09-11T18:10:51.473408
REV-000082,ORD-20260909-543394,CUST-10486,REST-DXB-002,Mixed feelings. Chole Bhature  Samosa (2 pcs)  Paneer Butter Masala  and Chicken Tikka Masala were acceptable. Chicken Tikka Masala was decent but portion was small for the price.,3,2026-09-11T21:33:27.473408
REV-000083,ORD-20260911-342806,CUST-10437,REST-AUH-001,Absolutely amazing Masala Chai! The Masala Chai was cooked to perfection. Fresh ingredients and authentic flavors. Highly recommend!,5,2026-09-12T13:48:44.473408
REV-000085,ORD-20260913-441575,CUST-10082,REST-SHJ-001,Solid experience. Fresh Lime Soda  Kulfi  and Naan were well-prepared. Naan had great flavor. Minor issues with packaging.,4,2026-09-16T13:31:24.473408
REV-000086,ORD-20260913-750318,CUST-10362,REST-AUH-002,Best Indian food in UAE! Fish Curry  Naan  Paneer Butter Masala  Malai Kofta  and Chicken Tikka Masala were incredible. Fish Curry had the perfect balance of spices. Five stars!,5,2026-09-16T19:17:58.473408
REV-000084,ORD-20260912-355832,CUST-10057,REST-AUH-002,Decent food but nothing special. Sweet Lassi were okay. Sweet Lassi lacked the punch I expected.,3,2026-09-17T13:02:12.473408
REV-000087,ORD-20260914-521162,CUST-10416,REST-DXB-001,Disaster! Jeera Rice were all stale. Jeera Rice had a weird smell. Completely unacceptable!,1,2026-09-17T22:51:56.473408
REV-000088,ORD-20260915-851979,CUST-10472,REST-SHJ-001,Absolutely amazing Vegetable Biryani and Garlic Naan! The Vegetable Biryani was cooked to perfection. Fresh ingredients and authentic flavors. Highly recommend!,5,2026-09-18T22:43:28.473408
REV-000091,ORD-20260918-605730,CUST-10160,REST-SHJ-001,Hands down the best Vegetable Biryani I've ever had! Vegetable Biryani  Paneer Tikka  and Malai Kofta were all prepared beautifully. Fresh and flavorful!,5,2026-09-21T16:54:13.473408
REV-000090,ORD-20260917-430474,CUST-10244,REST-SHJ-001,Very satisfied! Paneer Tikka  Lamb Rogan Josh  Chicken Tikka Masala  and Fish Curry were fresh and flavorful. Fish Curry was the standout dish.,4,2026-09-22T12:29:18.473408
REV-000089,ORD-20260916-494098,CUST-10270,REST-AUH-002,Really good Butter Chicken  Mango Lassi  and Kulfi! The Mango Lassi was delicious. Slight delay in delivery but food quality made up for it.,4,2026-09-23T12:04:29.473408
REV-000092,ORD-20260919-460216,CUST-10267,REST-DXB-001,Perfect in every way! Fresh Lime Soda  Gajar Halwa  Malai Kofta  and Samosa (2 pcs) were all excellent. Samosa (2 pcs) stood out with its rich  authentic taste.,5,2026-09-23T21:58:01.473408
